{
    "base": {
        "pt_e": {
            "pt:[12.0,16.0]": {
                "value": 0.9531911725758805,
                "stat_error": 0.01731423638468456,
                "corr_error": 0.012530391975849042,
                "error": 0.02137272805827924
            },
            "pt:[16.0,20.0]": {
                "value": 0.9630138584309058,
                "stat_error": 0.013048826145179472,
                "corr_error": 0.0037476765828999836,
                "error": 0.013576337633439154
            },
            "pt:[20.0,25.0]": {
                "value": 0.9810279050264049,
                "stat_error": 0.010344351266519121,
                "corr_error": 0.0023913309749498124,
                "error": 0.010617159081265109
            },
            "pt:[25.0,30.0]": {
                "value": 0.9680307036548853,
                "stat_error": 0.010252956641149747,
                "corr_error": 0.00665812219726003,
                "error": 0.012225126219346098
            },
            "pt:[30.0,35.0]": {
                "value": 0.9731726040413189,
                "stat_error": 0.011186558637059928,
                "corr_error": -0.0004884220537291206,
                "error": 0.011197216182737077
            },
            "pt:[35.0,45.0]": {
                "value": 0.9772001718934709,
                "stat_error": 0.007852340834660397,
                "corr_error": 0.0015801951530765024,
                "error": 0.008009761126618048
            },
            "pt:[45.0,60.0]": {
                "value": 0.9644242565367314,
                "stat_error": 0.007997938556153458,
                "corr_error": 0.009161360850553524,
                "error": 0.012161313818089756
            },
            "pt:[60.0,80.0]": {
                "value": 0.9772012050408532,
                "stat_error": 0.00916754362876848,
                "corr_error": 0.0015691295877940936,
                "error": 0.009300861457341703
            },
            "pt:[80.0,100.0]": {
                "value": 0.9968018801594376,
                "stat_error": 0.010669131084831756,
                "corr_error": 0.0015772681546752931,
                "error": 0.010785088452909233
            },
            "pt:[100.0,200.0]": {
                "value": 0.9726826069963155,
                "stat_error": 0.008761635166113736,
                "corr_error": 0.002552911718409767,
                "error": 0.009125985372883018
            }
        },
        "pt_mu": {
            "pt:[12.0,16.0]": {
                "value": 0.9582300745024636,
                "stat_error": 0.014741401740571052,
                "corr_error": 0.001240046913561832,
                "error": 0.014793466180200821
            },
            "pt:[16.0,20.0]": {
                "value": 0.9754387264834135,
                "stat_error": 0.011564868544307088,
                "corr_error": 0.0022276548872938173,
                "error": 0.011777462831356658
            },
            "pt:[20.0,25.0]": {
                "value": 0.98158938149458,
                "stat_error": 0.009384279354651238,
                "corr_error": 0.004682867319890982,
                "error": 0.010487799833227006
            },
            "pt:[25.0,30.0]": {
                "value": 0.9675611413772192,
                "stat_error": 0.009841860380962998,
                "corr_error": 0.0030929213934136612,
                "error": 0.010316413063861152
            },
            "pt:[30.0,35.0]": {
                "value": 0.9555167519568005,
                "stat_error": 0.01092420364207224,
                "corr_error": -0.0025707085647310723,
                "error": 0.011222600756431018
            },
            "pt:[35.0,45.0]": {
                "value": 0.9793850951252338,
                "stat_error": 0.008076454962165708,
                "corr_error": -0.0006167326419506125,
                "error": 0.008099968142377997
            },
            "pt:[45.0,60.0]": {
                "value": 0.9774648242577417,
                "stat_error": 0.00836932340212236,
                "corr_error": -0.001193365113763889,
                "error": 0.008453975071175788
            },
            "pt:[60.0,80.0]": {
                "value": 0.9806407518833369,
                "stat_error": 0.010258975866657286,
                "corr_error": -0.0015122811158161387,
                "error": 0.010369839921903844
            },
            "pt:[80.0,100.0]": {
                "value": 0.9763216079835195,
                "stat_error": 0.013768100412624664,
                "corr_error": -0.0030555982850395402,
                "error": 0.014103094336054481
            },
            "pt:[100.0,200.0]": {
                "value": 0.9655691461733863,
                "stat_error": 0.012467985083520998,
                "corr_error": 0.00043699747925829424,
                "error": 0.012475641019193372
            }
        }
    }
}