{
    "base": {
        "pt_mu": {
            "pt:[12.0,16.0]": {
                "value": 0.9887319285718124,
                "stat_error": 0.011812486690669055
            },
            "pt:[16.0,20.0]": {
                "value": 0.9790008353702421,
                "stat_error": 0.010047132931812692
            },
            "pt:[20.0,25.0]": {
                "value": 1.0038344558758467,
                "stat_error": 0.009272998369761802
            },
            "pt:[25.0,30.0]": {
                "value": 0.9655665477393176,
                "stat_error": 0.009377511018167707
            },
            "pt:[30.0,35.0]": {
                "value": 1.01556487913459,
                "stat_error": 0.01021510796988857
            },
            "pt:[35.0,45.0]": {
                "value": 0.9995700614406483,
                "stat_error": 0.008185367310019889
            },
            "pt:[45.0,60.0]": {
                "value": 0.9556026042244125,
                "stat_error": 0.008094580828709641
            },
            "pt:[60.0,80.0]": {
                "value": 0.9712378224228075,
                "stat_error": 0.009745077912220432
            },
            "pt:[80.0,100.0]": {
                "value": 0.974245800490984,
                "stat_error": 0.0130497156016709
            },
            "pt:[100.0,200.0]": {
                "value": 0.9484037425142184,
                "stat_error": 0.011573859261367359
            }
        }
    }
}
