{
    "base": {
        "pt_e": {
            "pt:[12.0,16.0]": {
                "value": 0.9689030841254599,
                "stat_error": 0.012468311830249499
            },
            "pt:[16.0,20.0]": {
                "value": 0.9655116779509314,
                "stat_error": 0.010817189233407553
            },
            "pt:[20.0,25.0]": {
                "value": 0.9620945885160879,
                "stat_error": 0.009925909990650903
            },
            "pt:[25.0,30.0]": {
                "value": 0.9804947408482064,
                "stat_error": 0.009749091911295336
            },
            "pt:[30.0,35.0]": {
                "value": 1.0081783387286454,
                "stat_error": 0.010435479356284388
            },
            "pt:[35.0,45.0]": {
                "value": 0.9631552012135031,
                "stat_error": 0.008202696913337297
            },
            "pt:[45.0,60.0]": {
                "value": 0.9642235621003425,
                "stat_error": 0.008188672138337438
            },
            "pt:[60.0,80.0]": {
                "value": 0.9838272850025378,
                "stat_error": 0.009204988236313034
            },
            "pt:[80.0,100.0]": {
                "value": 1.0268362678480305,
                "stat_error": 0.012171019693643703
            },
            "pt:[100.0,200.0]": {
                "value": 0.9919939065066478,
                "stat_error": 0.009961335069172426
            }
        }
    }
}