{
    "base": {
        "pt_e": {
            "pt:[12.0,16.0]": {
                "value": 0.9327101561781881,
                "stat_error": 0.015953345442215817,
                "corr_error": 0.023926503460875104,
                "error": 0.02875737816042931
            },
            "pt:[16.0,20.0]": {
                "value": 0.9557414040390002,
                "stat_error": 0.012481778067864241,
                "corr_error": 0.0012312942758936352,
                "error": 0.012542362988259637
            },
            "pt:[20.0,25.0]": {
                "value": 0.9595582254534714,
                "stat_error": 0.010879451657208656,
                "corr_error": 0.00477779467149031,
                "error": 0.01188233101224088
            },
            "pt:[25.0,30.0]": {
                "value": 0.9510819872892239,
                "stat_error": 0.010746803987056594,
                "corr_error": 0.001354368082019386,
                "error": 0.010831810044392782
            },
            "pt:[30.0,35.0]": {
                "value": 0.9648731744799746,
                "stat_error": 0.010643849055344651,
                "corr_error": 0.00888063115169202,
                "error": 0.013862075326781484
            },
            "pt:[35.0,45.0]": {
                "value": 0.9618415629982359,
                "stat_error": 0.00826876254005225,
                "corr_error": 0.004595490918403167,
                "error": 0.009459966740158091
            },
            "pt:[45.0,60.0]": {
                "value": 0.9590009817816029,
                "stat_error": 0.008082923005047121,
                "corr_error": 0.0015739593918104866,
                "error": 0.008234743011933549
            },
            "pt:[60.0,80.0]": {
                "value": 0.9535882718172672,
                "stat_error": 0.00874028747203496,
                "corr_error": 0.0022090741030215133,
                "error": 0.009015133581176244
            },
            "pt:[80.0,100.0]": {
                "value": 0.9656128947796766,
                "stat_error": 0.01205511177526551,
                "corr_error": 0.005249670337971746,
                "error": 0.013148564886386861
            },
            "pt:[100.0,200.0]": {
                "value": 0.9397871008501106,
                "stat_error": 0.009602981252967133,
                "corr_error": 0.006037753478004726,
                "error": 0.011343355588448966
            }
        },
        "pt_mu": {
            "pt:[12.0,16.0]": {
                "value": 0.9453949787805185,
                "stat_error": 0.0141686498425694,
                "corr_error": 0.022585570405728284,
                "error": 0.026661932205176937
            },
            "pt:[16.0,20.0]": {
                "value": 0.9810450886382674,
                "stat_error": 0.011203295925463378,
                "corr_error": -0.00010521004719898919,
                "error": 0.011203789927856374
            },
            "pt:[20.0,25.0]": {
                "value": 0.9630902708738999,
                "stat_error": 0.010055148117371656,
                "corr_error": 0.0009293526469917879,
                "error": 0.010098004753650762
            },
            "pt:[25.0,30.0]": {
                "value": 0.9426518805694292,
                "stat_error": 0.010209238725871253,
                "corr_error": -0.0017910250666637317,
                "error": 0.010365149596182734
            },
            "pt:[30.0,35.0]": {
                "value": 0.9594565652245618,
                "stat_error": 0.010463683401017481,
                "corr_error": 0.0034239401444494666,
                "error": 0.011009633800881
            },
            "pt:[35.0,45.0]": {
                "value": 0.9512581426652801,
                "stat_error": 0.008435111036907934,
                "corr_error": -0.0011790656206185357,
                "error": 0.008517117701587234
            },
            "pt:[45.0,60.0]": {
                "value": 0.9602682598209524,
                "stat_error": 0.008501899071108529,
                "corr_error": -0.0007881267826512772,
                "error": 0.008538350639371068
            },
            "pt:[60.0,80.0]": {
                "value": 0.9591802887502651,
                "stat_error": 0.009585019916609705,
                "corr_error": -0.0015045118758436615,
                "error": 0.00970237923327878
            },
            "pt:[80.0,100.0]": {
                "value": 0.9471900649455677,
                "stat_error": 0.013487916106477779,
                "corr_error": -0.0029620162652124193,
                "error": 0.013809323707219177
            },
            "pt:[100.0,200.0]": {
                "value": 0.9543457959687535,
                "stat_error": 0.012151985791353922,
                "corr_error": 0.0003540197303479875,
                "error": 0.01215714146675703
            }
        }
    }
}