{
    "base": {
        "pt_e": {
            "pt:[12.0,16.0]": {
                "value": 0.911561146465846,
                "stat_error": 0.011922069479633033
            },
            "pt:[16.0,20.0]": {
                "value": 0.9380948142026565,
                "stat_error": 0.009845385253646149
            },
            "pt:[20.0,25.0]": {
                "value": 0.9704253259795809,
                "stat_error": 0.009313547782167916
            },
            "pt:[25.0,30.0]": {
                "value": 0.9845955896635196,
                "stat_error": 0.009293895965420903
            },
            "pt:[30.0,35.0]": {
                "value": 0.9467309227184785,
                "stat_error": 0.00991185849211769
            },
            "pt:[35.0,45.0]": {
                "value": 0.9688904168238285,
                "stat_error": 0.007748576461132828
            },
            "pt:[45.0,60.0]": {
                "value": 0.9501972189463208,
                "stat_error": 0.007706496137644036
            },
            "pt:[60.0,80.0]": {
                "value": 0.9893604653775956,
                "stat_error": 0.008560024724949242
            },
            "pt:[80.0,100.0]": {
                "value": 0.9668032223624398,
                "stat_error": 0.011370261476552608
            },
            "pt:[100.0,200.0]": {
                "value": 0.9733101348262841,
                "stat_error": 0.009200367699574311
            }
        }
    }
}