{
    "base": {
        "pt_mu": {
            "pt:[12.0,16.0]": {
                "value": 0.9177392513328089,
                "stat_error": 0.01101365454235377
            },
            "pt:[16.0,20.0]": {
                "value": 0.9894369046764653,
                "stat_error": 0.009488269540596493
            },
            "pt:[20.0,25.0]": {
                "value": 0.966968684483254,
                "stat_error": 0.008647503303073869
            },
            "pt:[25.0,30.0]": {
                "value": 0.9875735165767469,
                "stat_error": 0.008945462840450683
            },
            "pt:[30.0,35.0]": {
                "value": 0.946877636249159,
                "stat_error": 0.00969929753698088
            },
            "pt:[35.0,45.0]": {
                "value": 0.9783600302939841,
                "stat_error": 0.007622555967375004
            },
            "pt:[45.0,60.0]": {
                "value": 0.9618156180398313,
                "stat_error": 0.007764170013043118
            },
            "pt:[60.0,80.0]": {
                "value": 0.9702017680343009,
                "stat_error": 0.008917707009953063
            },
            "pt:[80.0,100.0]": {
                "value": 1.004127144288152,
                "stat_error": 0.012251619689105498
            },
            "pt:[100.0,200.0]": {
                "value": 0.9141134108121525,
                "stat_error": 0.010563680487441244
            }
        }
    }
}
