{
    "base": {
        "pt_e": {
            "pt:[12.0,16.0]": {
                "value": 0.9894698267025226,
                "stat_error": 0.008511450486202535
            },
            "pt:[16.0,20.0]": {
                "value": 0.9449278447178918,
                "stat_error": 0.007408221281530617
            },
            "pt:[20.0,25.0]": {
                "value": 0.9626122762171491,
                "stat_error": 0.006696957888313514
            },
            "pt:[25.0,30.0]": {
                "value": 0.9699616644088396,
                "stat_error": 0.006727331906928097
            },
            "pt:[30.0,35.0]": {
                "value": 0.9831077280786628,
                "stat_error": 0.007184016664847012
            },
            "pt:[35.0,45.0]": {
                "value": 0.9674343701246167,
                "stat_error": 0.005633148866788741
            },
            "pt:[45.0,60.0]": {
                "value": 0.9530356993843468,
                "stat_error": 0.00549317689321113
            },
            "pt:[60.0,80.0]": {
                "value": 0.9675056227700871,
                "stat_error": 0.00606639771777052
            },
            "pt:[80.0,100.0]": {
                "value": 0.9777944939503032,
                "stat_error": 0.007848288987433474
            },
            "pt:[100.0,200.0]": {
                "value": 0.9894962566089875,
                "stat_error": 0.005962076286553595
            }
        }
    }
}