{
    "base": {
        "pt_mu": {
            "pt:[12.0,16.0]": {
                "value": 0.9938354503800281,
                "stat_error": 0.007902992094070133
            },
            "pt:[16.0,20.0]": {
                "value": 0.9751564985015171,
                "stat_error": 0.0068953373456243664
            },
            "pt:[20.0,25.0]": {
                "value": 0.9853929771869521,
                "stat_error": 0.006319647041561421
            },
            "pt:[25.0,30.0]": {
                "value": 0.9843215461175164,
                "stat_error": 0.006459423823734657
            },
            "pt:[30.0,35.0]": {
                "value": 0.9969382953538626,
                "stat_error": 0.006943636780387935
            },
            "pt:[35.0,45.0]": {
                "value": 0.9747596960274764,
                "stat_error": 0.005498255977351664
            },
            "pt:[45.0,60.0]": {
                "value": 0.9594216171648157,
                "stat_error": 0.005450261663848003
            },
            "pt:[60.0,80.0]": {
                "value": 0.9586911378957758,
                "stat_error": 0.006153170147171586
            },
            "pt:[80.0,100.0]": {
                "value": 0.9569007215753483,
                "stat_error": 0.008405616323710422
            },
            "pt:[100.0,200.0]": {
                "value": 0.947595402471836,
                "stat_error": 0.007166520372178261
            }
        }
    }
}
