{
    "base": {
        "pt_e": {
            "pt:[12.0,16.0]": {
                "value": 0.9577676891958988,
                "stat_error": 0.01179145069917555,
                "corr_error": 0.036530431310132117,
                "error": 0.03838633508548802
            },
            "pt:[16.0,20.0]": {
                "value": 0.9805574449487253,
                "stat_error": 0.009222100610994632,
                "corr_error": 0.014394429192544855,
                "error": 0.017095225399464467
            },
            "pt:[20.0,25.0]": {
                "value": 0.991255845564732,
                "stat_error": 0.007857537687082182,
                "corr_error": 0.015172135777423268,
                "error": 0.017086093835411414
            },
            "pt:[25.0,30.0]": {
                "value": 0.9772543817199211,
                "stat_error": 0.007488581744376842,
                "corr_error": 0.010766424192045876,
                "error": 0.013114676756416256
            },
            "pt:[30.0,35.0]": {
                "value": 0.9823804152478117,
                "stat_error": 0.007631221568489074,
                "corr_error": 0.01423905319061003,
                "error": 0.016155066647723693
            },
            "pt:[35.0,45.0]": {
                "value": 0.9693412744338594,
                "stat_error": 0.006022203448879619,
                "corr_error": 0.008426498635151658,
                "error": 0.010357258982371269
            },
            "pt:[45.0,60.0]": {
                "value": 0.9752713102791848,
                "stat_error": 0.005528155809659209,
                "corr_error": 0.006437674398352078,
                "error": 0.00848552640176593
            },
            "pt:[60.0,80.0]": {
                "value": 0.9619667736698445,
                "stat_error": 0.006105513884134608,
                "corr_error": 0.00792783491882687,
                "error": 0.010006391272058629
            },
            "pt:[80.0,100.0]": {
                "value": 0.9792148413085406,
                "stat_error": 0.007118090429571313,
                "corr_error": 0.011786294685617316,
                "error": 0.013768948898872625
            },
            "pt:[100.0,200.0]": {
                "value": 0.9691864072309423,
                "stat_error": 0.005388141707492571,
                "corr_error": 0.013791690700115877,
                "error": 0.014806849881986503
            }
        },
        "pt_mu": {
            "pt:[12.0,16.0]": {
                "value": 0.9694594584176971,
                "stat_error": 0.010065427148175755,
                "corr_error": 0.028467833033845036,
                "error": 0.030194872765390353
            },
            "pt:[16.0,20.0]": {
                "value": 0.9850092439105333,
                "stat_error": 0.007972385880196305,
                "corr_error": 0.008775510117371876,
                "error": 0.01185615934621535
            },
            "pt:[20.0,25.0]": {
                "value": 0.9809874442139426,
                "stat_error": 0.006980316904048473,
                "corr_error": 0.0073755165004733,
                "error": 0.01015495286693635
            },
            "pt:[25.0,30.0]": {
                "value": 0.9831549719507036,
                "stat_error": 0.006969243501187958,
                "corr_error": 0.0070132489319567615,
                "error": 0.009887164181930188
            },
            "pt:[30.0,35.0]": {
                "value": 0.98808616385829,
                "stat_error": 0.007187406510992477,
                "corr_error": 0.010455289358587194,
                "error": 0.012687469721187266
            },
            "pt:[35.0,45.0]": {
                "value": 0.9686578359194135,
                "stat_error": 0.005931656873284935,
                "corr_error": 0.0017696757585429213,
                "error": 0.006190016603593473
            },
            "pt:[45.0,60.0]": {
                "value": 0.9741170960379937,
                "stat_error": 0.0057806367662709595,
                "corr_error": -0.00038691250951039535,
                "error": 0.005793570808541068
            },
            "pt:[60.0,80.0]": {
                "value": 0.9682437334073919,
                "stat_error": 0.006642498984099498,
                "corr_error": 0.0006509024089070836,
                "error": 0.006674313949739247
            },
            "pt:[80.0,100.0]": {
                "value": 0.9766318643866208,
                "stat_error": 0.008806967303400547,
                "corr_error": -0.0008330915420036167,
                "error": 0.008846282529996669
            },
            "pt:[100.0,200.0]": {
                "value": 0.958438941339676,
                "stat_error": 0.007734659481400176,
                "corr_error": 0.0031674871555278372,
                "error": 0.008358105776648646
            }
        }
    }
}