{
    "base": {
        "pt_e": {
            "pt:[12.0,16.0]": {
                "value": 0.9028465307561077,
                "stat_error": 0.01249784187172217
            },
            "pt:[16.0,20.0]": {
                "value": 0.919934681612333,
                "stat_error": 0.011048905520678585
            },
            "pt:[20.0,25.0]": {
                "value": 0.9412081378815845,
                "stat_error": 0.009970594654219764
            },
            "pt:[25.0,30.0]": {
                "value": 0.9614519484974704,
                "stat_error": 0.009800854448012737
            },
            "pt:[30.0,35.0]": {
                "value": 0.9447687962881774,
                "stat_error": 0.010738149220877461
            },
            "pt:[35.0,45.0]": {
                "value": 0.9542946670105455,
                "stat_error": 0.008334627663271432
            },
            "pt:[45.0,60.0]": {
                "value": 0.9475251850857748,
                "stat_error": 0.008413949687215656
            },
            "pt:[60.0,80.0]": {
                "value": 0.94821195686398,
                "stat_error": 0.009448921811455149
            },
            "pt:[80.0,100.0]": {
                "value": 0.9916599876730976,
                "stat_error": 0.012275276300138404
            },
            "pt:[100.0,200.0]": {
                "value": 0.9828027758442136,
                "stat_error": 0.009601068110357384
            }
        }
    }
}