{
    "base": {
        "pt_e": {
            "pt:[12.0,16.0]": {
                "value": 0.9288337770563827,
                "stat_error": 0.011301509944351034,
                "corr_error": 0.03446215486316484,
                "error": 0.036267950656675124
            },
            "pt:[16.0,20.0]": {
                "value": 0.9299383970779289,
                "stat_error": 0.009230459459870177,
                "corr_error": 0.02263862405700845,
                "error": 0.024448081336474414
            },
            "pt:[20.0,25.0]": {
                "value": 0.9565176985915433,
                "stat_error": 0.008051790783806736,
                "corr_error": 0.017313074390551075,
                "error": 0.019093817839262808
            },
            "pt:[25.0,30.0]": {
                "value": 0.9553640461370664,
                "stat_error": 0.007803638677383466,
                "corr_error": 0.011219395471374072,
                "error": 0.013666441063797267
            },
            "pt:[30.0,35.0]": {
                "value": 0.9636325294455356,
                "stat_error": 0.008295544671561876,
                "corr_error": 0.004457582966794993,
                "error": 0.00941733015794495
            },
            "pt:[35.0,45.0]": {
                "value": 0.9612560611709254,
                "stat_error": 0.00618643464886989,
                "corr_error": 0.006250913870514463,
                "error": 0.008794651663444552
            },
            "pt:[45.0,60.0]": {
                "value": 0.9673069958348081,
                "stat_error": 0.0058348611294606985,
                "corr_error": 0.008418187327234317,
                "error": 0.010242630632630458
            },
            "pt:[60.0,80.0]": {
                "value": 0.963986293169598,
                "stat_error": 0.006387912558351453,
                "corr_error": 0.002653528173427122,
                "error": 0.006917126471325768
            },
            "pt:[80.0,100.0]": {
                "value": 0.9625467040421217,
                "stat_error": 0.00791975044698047,
                "corr_error": 0.006609503334074507,
                "error": 0.010315424444277093
            },
            "pt:[100.0,200.0]": {
                "value": 0.9692221101965736,
                "stat_error": 0.005908969972347706,
                "corr_error": 0.005002836046819059,
                "error": 0.0077423700922559235
            }
        },
        "pt_mu": {
            "pt:[12.0,16.0]": {
                "value": 0.9638024232844725,
                "stat_error": 0.009945676241102474,
                "corr_error": 0.030437095720130647,
                "error": 0.03202082559474733
            },
            "pt:[16.0,20.0]": {
                "value": 0.9537034606409408,
                "stat_error": 0.008145128234972893,
                "corr_error": 0.01763788335404204,
                "error": 0.019427764749835374
            },
            "pt:[20.0,25.0]": {
                "value": 0.9605929705115377,
                "stat_error": 0.00723510949549043,
                "corr_error": 0.008564304886636065,
                "error": 0.011211339242168805
            },
            "pt:[25.0,30.0]": {
                "value": 0.9593896652978909,
                "stat_error": 0.007276345842856852,
                "corr_error": 0.005712717923462174,
                "error": 0.009250965079271792
            },
            "pt:[30.0,35.0]": {
                "value": 0.9653170326467788,
                "stat_error": 0.007689548734626639,
                "corr_error": 0.00015729893546057028,
                "error": 0.0076911574354771315
            },
            "pt:[35.0,45.0]": {
                "value": 0.9605475558148685,
                "stat_error": 0.006053573961516402,
                "corr_error": -0.0015503825825189388,
                "error": 0.006248955421486656
            },
            "pt:[45.0,60.0]": {
                "value": 0.9642071070049759,
                "stat_error": 0.005895190078919462,
                "corr_error": -0.0004385483869253637,
                "error": 0.005911479574037729
            },
            "pt:[60.0,80.0]": {
                "value": 0.9586221596470044,
                "stat_error": 0.007219184067318218,
                "corr_error": -0.0012044210335810934,
                "error": 0.007318964996770634
            },
            "pt:[80.0,100.0]": {
                "value": 0.9613505314858903,
                "stat_error": 0.009323042208168127,
                "corr_error": -0.000908272497087026,
                "error": 0.00936718073617933
            },
            "pt:[100.0,200.0]": {
                "value": 0.9424509589983786,
                "stat_error": 0.008482657297303416,
                "corr_error": 0.002405300008206268,
                "error": 0.008817082451297139
            }
        }
    }
}