{
    "base": {
        "pt_mu": {
            "pt:[12.0,16.0]": {
                "value": 0.9041925541733866,
                "stat_error": 0.011557249981075372
            },
            "pt:[16.0,20.0]": {
                "value": 0.949386835864661,
                "stat_error": 0.010241956932511186
            },
            "pt:[20.0,25.0]": {
                "value": 0.9583704766963802,
                "stat_error": 0.009408962622467381
            },
            "pt:[25.0,30.0]": {
                "value": 0.9833362279311725,
                "stat_error": 0.009571185982357759
            },
            "pt:[30.0,35.0]": {
                "value": 0.9536788636827606,
                "stat_error": 0.010425081215796241
            },
            "pt:[35.0,45.0]": {
                "value": 0.9869687706163309,
                "stat_error": 0.008269731710510061
            },
            "pt:[45.0,60.0]": {
                "value": 0.9258230699304324,
                "stat_error": 0.008319335798934666
            },
            "pt:[60.0,80.0]": {
                "value": 0.910765807379019,
                "stat_error": 0.009633953115237404
            },
            "pt:[80.0,100.0]": {
                "value": 0.9768052544469684,
                "stat_error": 0.013455597994601854
            },
            "pt:[100.0,200.0]": {
                "value": 0.9621068918611235,
                "stat_error": 0.011275435854102145
            }
        }
    }
}
